x,y
-1.9069591317104215,10.032934845742439
7.951194694573824,-2.8482035138210966
-1.2433071620953111,8.79044042637152
-4.1016496644570735,-6.602121231784217
-0.3827779808918964,8.46650114337402
-2.3734315342958183,9.511263162000558
-1.2449137978040699,9.02935523493386
8.030923331551543,-3.1044807182220664
0.33516360105647575,9.61179865128198
0.6607778123567729,9.537730300030782
-4.1319625118049474,-8.397928800671249
-3.3710081835392507,-7.4234843183872234
-1.5416359332185716,8.8044644439472
8.15644072233618,-2.8671171341692587
8.845020041127833,-3.3376952652825405
-3.3235197958781466,-9.486149170216216
9.004912410975258,-2.4920717011210005
-2.544438698289235,10.508990304272062
-2.492182039124353,-4.149348451227351
-1.8931274395828874,12.363865501037756
1.7383223567873762,9.450136339221023
-3.5445417861577675,-4.177277912162691
-3.4636987706266593,-8.46589297859262
0.6366246774330478,8.249180372141941
-4.906253592752527,-7.0560612017232485
-1.9056492130410674,10.694515297585035
-3.9100206392268775,-8.869087962150338
-4.722451816371047,-5.840900883108726
-1.2815265053807647,12.531489979358968
-0.2830137648089751,5.555780268073931
-1.479480627144421,7.476927915467973
-2.1741404676136535,7.557106231747013
0.5347241457670426,10.75584193240805
-0.6407491200749333,11.91041418129651
0.28627335059097775,10.950163319770773
-0.3027612723521068,8.032389311458255
-0.6795810735067941,11.018346291637556
-4.6216368400818775,-7.457807862398322
-1.1383066549852943,12.555808295226289
-3.8121197128353916,-5.038262586548686
-3.325835906668632,-4.6211489780935056
-3.9569048633422454,-5.796259287547575
0.8779477029538133,10.35698900041303
-1.0525917977528663,9.87340520107953
10.268565560210106,-2.2752352633562665
-4.3058401428881075,-7.7322255166600335
-1.9025126003341533,10.232724812328012
-2.489189638619821,-8.506032293704923
-2.8237694507768163,-6.0988772211578866
-0.4613386891900046,12.5170332765383
-2.1584751074307613,12.203763449873355
-0.9006970582133776,4.448741949619612
-4.644294251752873,-6.139415253094454
0.2563702020592828,11.117224587216318
-3.150544970437888,-5.519060737562441
-0.18718957485399576,9.052152458182768
0.059607242138852365,9.188682245467252
-2.0947525261271656,11.887053217584256
0.8868651303166147,10.158614082886263
-1.3882537164075832,9.178669212997297
-1.3000710713156571,3.9584680258522247
-0.5993477073905683,10.837319211460152
-1.8197259274555362,4.3052694648689185
-2.408760918222492,11.532395149833109
9.178515921756492,-3.6297332507467073
0.33311375044733377,10.873478767129246
0.5355826334157723,9.017398111334717
-2.230674449556567,10.181516830414322
-3.18614762908609,-8.453891885715391
-4.323534978911839,-8.421800412056088
-2.7080907728242853,8.247319683573899
0.9106777824623984,8.884786260484862
-4.211023841457531,-9.787020475277503
9.228015605775765,-2.748311891097023
-1.269171456551343,11.895806180690222
10.000069454194135,-2.9653427220733732
-1.0539630147721135,10.860183336765909
-5.10598688597817,-8.230134811716614
-4.61297159158751,-7.937091135278354
-2.469346551150152,-9.36526676575059
0.5260893131816248,11.753934220032244
-3.439977004569984,-8.433684269011808
-3.5719235035573353,-9.025882639089687
-1.7461957875976735,-7.613142971099872
-0.9065353689930569,4.0116666693469
-0.4268057462265012,9.827992206025948
-1.5756666332279197,5.393919600770548
-1.2114150273041044,4.82385288780603
8.23167882242597,-3.2374993476791403
8.075160197304378,-2.3839806305264104
-0.4802290153878601,12.522180436934253
-4.606951662684339,-7.25568369833888
1.4118426013743361,8.970945935069553
1.2872603190622192,8.996183506337166
-3.553254791302552,-6.262668290704521
-2.1476073498918895,11.880692989612466
9.78448481964697,-1.8748328216171999
-4.212826255850723,-5.967358107907943
-2.1390782274425453,11.336385475859213
-1.2026476407285052,6.458263964400461
-3.9760898211582325,-9.10858582775028
9.294091605301524,-2.8093586163695883
-1.8804115556952832,7.944618482299299
-1.9284878252218893,10.571769109029507
-4.758991164484974,-8.123562350465665
-1.3839463041347113,4.775421505933126
-2.3678458029473637,9.08046205859946
1.252775492317985,10.156686707401914
-0.2797681930808716,12.56163269052333
-2.595253228239993,10.672221998362065
-0.9891988181132703,7.489565469547128
10.564657040348594,-2.428642610311162
-4.694248093666631,-5.899300520397229
-2.769639192437652,10.299969676322936
-1.5873532055462238,9.961554840150324
-0.3741883612608924,11.023988137222432
10.413309115422265,-2.856273294062241
-2.1201407446606777,12.34457025599228
-0.9418567300754576,5.2534180079887225
-0.8726156721754811,3.8621358952640383
8.883163954891668,-2.8366317854156318
-2.2398973743359973,7.309503439974712
-0.18765099232423943,7.310958591799643
8.509386629568228,-3.090977718142089
-1.7398341685968768,10.649846870558175
-4.625454733378145,-7.708253423710128
-1.9810468813647724,4.191368218728422
-1.5923595745336543,7.543440570658979
0.6216496548213117,11.183918185467435
-0.32196340338960616,8.642309001953679
-2.3619689164093236,11.019150030687488
-3.6134030054489936,-8.523180879305215
0.7989378734726188,9.815585673250359
-1.3134307109917347,11.640481861069757
-1.2037629628502053,4.042475938114761
-2.087744389994396,5.896104084660231
-2.94190409731239,-7.228026489753139
8.712335532867892,-2.7378657948866993
-1.809137415855341,-7.638135909370734
9.493045173489424,-2.4976611416812795
-3.78920001725405,-9.442416398676693
-1.4767265072035853,7.877764231356369
9.89283398343638,-1.5874288605697657
-1.7670285999671405,8.773964232677065
0.3512334675618248,8.206097084437708
-1.1788996514034618,10.993259229573349
-0.48200998042458976,9.511258601355614
-1.7534424036151066,9.568967031251244
-1.932815980768191,9.81855368468408
-3.3983322993422824,-9.505433523523275
-0.8393003065225526,8.836186216209496
-1.6359195905896928,-7.61600974992595
-0.9173713079482428,10.520595024747893
-2.3856304983335677,11.053817267870846
10.198553835850113,-2.6523445623046347
10.568016239964846,-2.6625492969153286
-3.5109849702075158,-4.624055749973945
9.956226484114703,-3.1175028672496006
-0.7316195984256696,12.209238697366317
-3.612916621438946,-5.663063632449154
-0.8301494478073924,4.252224299265047
-0.23345004269600392,5.422386314239685
-0.49831290120711197,9.755997219177253
-2.9841655641425087,-7.876009104065581
0.5169375790750921,8.632419151897324
10.145585497983861,-2.315832108613748
-0.9289736231253307,7.51767283402095
-0.9070033495564442,4.751855288570124
-1.612866373416105,7.005776060919267
-0.14458280132255974,7.38786786124002
-1.7442755651616195,3.49491738556959
0.2719732096346345,8.914507084497902
-2.1816744443467324,7.581168713474391
-4.504297533602109,-7.313109329625256
-1.9687286050210007,7.565685532873363
-1.7866243369065122,7.079313705225767
-1.4184894226341953,9.30035420008332
0.24518746990342502,9.971514971556845
-3.4279863534624013,-4.533543906686067
-0.823393260924723,11.64707378474435
-1.1122392977773883,7.856242790809768
-1.9625104750659073,3.4450711183535088
-1.774269094263733,6.809876810347633
-0.7315742226649383,7.781809615818348
-1.4305788927255119,8.65853749438477
-3.6130809483348503,-8.681613153616208
-4.361360302877201,-8.431275890706429
-0.3130799243376557,8.818470075573693
8.894930366255029,-2.952972006449844
-0.11200270769570667,10.190995832203791
-2.1666197991648426,10.286740065143368
-2.318500398393526,-9.351427605987682
-0.2866059868253719,11.137395589544372
-0.5489354333085538,12.237164106240623
0.565577479944191,11.335209116159637
-1.4091649110285667,7.456778198849655
0.022713781034072265,9.943711139838854
-2.518439687269134,10.37892377978074
-1.3932457915096763,9.215391752623251
10.794717958645965,-2.090468176395038
-3.76431680952821,-5.689245803378682
-0.36853196185672205,11.113546204125132
-1.4032499762293127,10.443735142053093
1.1785055879653938,8.352342567558658
0.19781589301933344,10.148171942186908
-2.225644614416277,5.98244939853113
-2.7008204099964246,-4.548056610202068
0.5563279015570375,10.421188507690143
9.902075482729105,-3.7034746460269314
-2.5464990181631775,-8.33064694312815
-0.09710038374875386,10.43968292935572
0.9805246910873859,11.64196663751193
0.1343979494144043,10.762346484966079
1.7081005708716588,10.626532914873428
7.708523458832222,-2.5536095409449926
1.6640028500728132,9.440416393320795
-3.468242427936371,-6.895349191697275
-0.3531526786788419,9.237350199378723
8.420424252053666,-2.893574613641619
-3.3046143010799534,-4.7237599615984465
0.3903977293144204,8.003078911514837
-1.0708826865057415,9.853217084806076
1.0613039299525375,8.595519176752697
-1.6089747569981325,8.029231260835463
-2.2524202670084943,-5.053894225537999
-1.7638014102021535,3.485839811346911
-3.877083882152382,-8.17094375553292
-2.871531536320211,-7.513536084603333
-3.1441634520318154,-6.218341870893805
-1.983504830463099,5.465099878464276
-3.29272309274536,-6.2137034718746955
-1.0335569858250477,7.98234056529841
8.544673775124625,-2.6435112995641594
-0.9868332426468013,11.903397060772463
-0.5883164054679072,12.044092618802912
-1.8588044318135732,8.513046278181326
8.6394266510158,-2.084019184507907
-0.04446487542884569,5.6931814780675785
-3.6591223994789344,-9.273659714571204
0.09499158534187786,8.678302033041017
0.658326280498151,8.770741034893916
-0.5361037508451635,10.139477766690016
10.771529708812926,-2.1326909428274394
-4.81290871603896,-8.153703899656602
-0.06368629815396508,9.576200528534125
-4.5915002370690505,-5.479338429747097
0.33499428727479,11.75762582330869
8.323473568010352,-3.425852991288758
-2.32582027990989,5.850985518004488
-1.735597887040585,10.550764236736029
-1.5029866531056195,12.039738932631808
-1.065216416789198,4.016867036498832
-0.9751224988064122,3.9344826815680065
-4.423488882273056,-5.375870008116107
-4.764772788985417,-8.543423991108307
10.281290435972021,-2.5645237377853345
-2.730636202891206,9.816601406535932
-2.110578449580227,8.888643325832284
-1.2740382245329485,10.665819602255105
-1.0590347400121556,8.783170625240487
-0.9393251509675025,6.782087704598139
-4.336466571032058,-9.15710666504852
10.487441816286003,-2.664978034771422
9.172222075013329,-3.2107533750960564
-0.0985660555651567,9.881445845825215
-0.4304121294839338,9.259300968803519
0.01797667647011966,9.586461780996624
10.327595535661773,-2.7227394917999512
-0.5402935803997813,8.891748622514868
-4.305702870636106,-7.270018230075508
1.1155199662853101,8.266545672143254
-3.1429738389104167,-8.638817798844551
-3.9348800470339844,-7.130220289260731
-0.9899673373728133,5.089355026397185
-2.3011276034841366,-7.662120005390258
9.194779986901757,-2.6387734866314956
-1.067814085686041,-7.543500093280556
-1.218599028004228,11.977458381551315
-4.933147809119815,-6.229840550203452
-1.3792785327279513,4.057156620927419
0.07898062633374386,8.010025261058175
0.7643025535339855,10.51433909166014
-2.3592703474854106,10.816293086423885
-2.431828943180339,7.566691650440338
-3.1914282969947236,-8.520409147133181
-1.6401543991758913,3.5269386793369892
-4.666498630498744,-7.044006740819089
-0.775452642421051,11.393837758916774
-0.6601602690431355,7.6912679689145405
-3.5302706113901943,-9.973492829002781
-0.21600910394858625,9.88410676142705
0.5604554586957909,10.712820581635826
0.7405684077795575,11.026235819450912
-0.1283076076790404,12.327349580172836
-0.29119556973847266,7.235268258189544
0.2586251077602897,11.219970912143888
-2.17159116706087,7.1947962316438625
-0.2864078728106163,11.26735087738219
1.021285058760956,10.897159707993287
10.869581905877107,-2.5628845063305175
1.4189587870405116,9.58634077245392
-4.279023827373943,-8.313262691243798
-4.135248256039405,-7.531444489203368
-2.0793980300879085,12.329416689282981
-1.6456447546798392,10.86711262271972
-1.8679697122261358,8.41946210307397
-4.223986492933154,-5.470736988998593
8.735057496642955,-3.182889830897571
-0.49856303664728824,7.459968465021284
-1.2141122515619267,4.166676614293226
-2.188941353583016,4.554575205278421
-0.858743724318091,6.422210182464355
8.342905970361775,-2.137662488973905
-0.6221194995372662,11.834076482372318
-1.1827141905803404,11.549658694530075
-1.6577004944692884,-7.560926128392347
-4.08669614512337,-5.353697582846615
1.6307128301793514,9.521639154924644
-3.614482060310998,10.046118920484297
-1.9608451606411397,4.508204151350275
-0.36043806036216264,10.66749335229674
9.944031191050097,-2.8638870416973865
9.520279780779864,-3.1649673446043645
-2.6391119766610314,-8.920137402841164
0.4572113768520452,7.457371718192992
-3.250771940824221,-7.491886768265619
-2.348738949875282,11.093138626866358
-3.712326634359929,-7.005093336769244
-2.310826560156518,11.082336583317163
-4.198285934494819,-8.370525537115554
-0.9715605106041411,4.401876066120647
0.538086189576164,9.335816891384507
-2.120980508933235,11.073624096228222
-2.0487985947332756,8.707166748431444
-1.416670953734786,5.970159501713791
0.5065957229225938,10.358579326983607
0.11630322590869926,11.312540231836236
-4.240597353578989,-9.058893106303607
-3.0222914640130334,-8.487271573552992
-2.1116346052398876,11.0901329610388
-2.2898549287498438,7.211890309294708
1.6952503873239682,9.645602863844315
9.806198806944614,-2.995634390056707
-2.225279388940256,-7.7664772742129555
-3.9678401378152404,-6.039778365465031
-2.2049533906335625,7.094591954858855
-2.457110482924574,11.516267211007836
-0.316942529042962,11.44025532163038
-4.313345353135577,-7.278587325453214
8.394663744764802,-2.9107592534204625
-0.333845268365666,8.320353614429797
-2.7143726576598186,-7.166637124539019
-3.4385284604316446,-4.9050214885089645
-1.1677246876522758,10.616715154042698
-2.539512565166989,10.575682514394774
-2.731441424661683,8.106898073450038
10.500794804024276,-2.2172874436584302
-1.633626409374621,4.789603829199568
-2.3559724646221536,10.50738847360607
8.420915328841575,-2.619446887884001
-0.7724976902068428,7.341421007733975
-3.065597811096315,-7.92688875069525
-3.7905494353163918,-7.525785179377447
10.278655524079433,-2.974235363573752
9.623360379466188,-2.690962011951213
-3.759824589643938,-5.867203027029604
0.053573887200597886,9.874940874875726
-4.3368770732852395,-8.377359900828283
-4.223782909256717,-9.505305813851367
-1.1267679465325686,3.810149758084582
-1.140421697842296,12.508798301854506
-1.033090147263315,12.019013375443581
-0.8355402649709641,10.288650469314986
0.4124245495868376,7.777863578830842
-0.7270690672775671,-7.396966318683868
-0.4103585836714647,12.00213423777127
0.7074405620963221,8.835728073873033
8.547416884561452,-3.55154428857139
-3.8020048163662774,-9.968504540042506
-1.2491579160197075,8.776494864445738
-3.8287545176714004,-7.892334099598983
-0.9455680926065261,7.089674819127496
-4.541574450451408,-5.043317767915109
0.22751013687225746,10.917766002501393
-1.2021662772311261,6.732036641270688
-2.5651312488489637,9.16187325718879
0.07088995762893875,10.416753034740559
-2.776681222981168,11.493924110273214
-2.6515495651023695,10.435689720380713
-0.6089264673185806,10.371010899898765
-3.250378309824504,-6.05914545187105
-1.587952712851563,4.4133439658762565
-1.517960404896584,11.549792711347198
-0.14708303961337113,8.230743944295812
-1.8065091628183527,4.053539166533576
-0.27121286626468133,8.987049221173255
0.6787035719874185,10.824434011382678
0.44372688843419855,11.924781570761144
-2.1440059881651337,11.587766864906808
0.2359835335466959,9.27608721492513
-1.9966743378421579,10.428573691592609
-3.306893649497934,-8.096756679192682
-2.4034057132189672,11.268059229397043
0.2517239107995683,10.801218192797817
-4.1431000728584895,-5.624125152712087
0.6967012601032474,10.603375278027567
-3.355770936047127,10.581728437307609
-1.0513553111481093,9.653117685425137
-0.7920482542016437,9.977848510714397
0.9500551675364807,10.284850290427086
-1.9366813909853926,7.619665121238944
8.885280028565505,-2.4571086941874865
-0.3904353424366878,7.809094939369536
-3.6406072212821328,-5.0916601907954755
-2.1697950698696262,6.381143576007163
0.21928916343848673,11.897386836470371
0.6935455002443449,10.92044173671376
0.9977047297749873,10.877066202170056
-0.8898937285239232,12.104266312334042
-2.9541146456601726,9.128213662107038
-2.4083140289323106,5.199930631082175
9.93046824325394,-1.9349819410422135
-1.031540817693372,3.501659783572148
-2.7329398468843444,9.643816886662703
-2.6755098930390493,9.260268102931711
-2.6178521272438067,10.777695947332349
-1.651729432241505,10.007097529705831
0.1566083408733688,10.486461674467105
-1.0886956799344083,3.7335319843054293
-1.5838243922925341,12.190097452431248
0.20285973613199446,8.945601200996599
-1.090099457243542,6.331021226775268
-1.4271206766006086,9.992070496617899
-2.4706193608481346,-9.838920815832205
-0.23688947049250778,10.131254467491189
9.115550972218315,-3.6558311306875217
-4.7443133188245525,-8.511159289278972
-1.2939074971241302,7.036140961846103
-4.471026020733376,-7.875533533870501
-1.0200085328479949,8.05354696057347
-4.6735783639333,-6.74092770462164
-0.3983160373010053,8.273455926764326
0.7358492584583576,10.507723760433342
9.557173691417981,-2.9820464535533975
-4.581741899387803,-7.821502512936275
0.3376822099658976,8.547770431055362
0.14245311005992078,9.785902212021288
-0.5428507932896877,4.50709797590164
0.6519681884311483,8.409680900277944
-0.8996581704683828,10.375274104232213
-1.4515413681359752,10.768838568535223
-2.1567651937699797,9.647521278583893
9.018202026080054,-2.0116702895041594
-1.223514632460852,6.697877616355174
0.5825982593034659,8.393577996980879
-3.644572040285631,-6.01664902107818
-3.529232227175214,-4.583025026073768
0.8910921322915917,10.990551074372624
-0.643325415440358,4.399609727024538
-2.49366496575249,9.680815699576723
-1.96415205021985,7.461328148488111
-0.8656481556580854,7.859508294825366
-0.950993432939503,9.40851816821082
1.8547978956683493,10.064837575162816
-2.754419386884147,-5.3804150725450475
-0.8572770301082573,12.418706426432317
-2.027908182172371,7.595060276053235
-3.1434468894970697,-4.61261617085909
-0.03881386273875357,10.378929261718104
-3.748169056688377,-8.713542802081548
-1.6989119014577179,11.090688440904419
-3.717754439016086,-9.545633549908247
0.14225826115040222,7.8045671689869165
-1.7057170345135295,10.12213035367147
-3.6675101070541523,-8.779147917601291
-1.2613602494238416,7.314377286334044
-1.3076430666752978,11.261172121742755
1.0029315992431118,9.547636037921775
-1.7548884732453083,6.289178070766335
-0.7502741697955662,11.656178298432554
-0.14303774320071688,5.623176347185427
-0.8258073263505622,11.520409327110523
8.64314423985796,-2.8914377911145217
-1.9665855803446826,11.884907059666954
-3.9173697201216973,-7.3912306193751505
0.15785607949562638,8.986187219194168
-2.002609758915611,11.973970970277383
0.31734018941595155,10.85897303123495
0.6963716828387744,9.799429778148133
10.498998063811667,-2.894295863602769
-1.3348666954254753,8.858671366792107
0.543415077111006,11.23897572967036
0.4043320519635568,10.2927272434379
-4.6204886321783025,-7.7487689318935695
-0.07652921523168774,9.742834957521323
-4.117540402612055,-7.74261420342211
-1.19232373034322,-7.485949715179317
-0.07157782078828241,6.315013034174207
-4.128174781800916,-7.6017453543029525
-1.5205139216179995,9.033762993687835
-3.824897579868526,-8.215526468244255
-0.35288033099812444,9.81428500798344
0.9768611239217933,10.204521981572826
-2.1572349755115705,12.305808402730316
-4.498289747835554,-9.46949038576337
-3.8240639411530184,-9.789795587714329
-3.521230291859058,-6.743693087740696
-1.3132403341477283,4.0229181771514675
0.6183651669560087,9.284988780470915
-1.5374526879205246,11.39160397059042
8.721602128210245,-3.805471975866955
-0.9617968268876245,10.971279336167093
-0.010617822950595537,8.724113941169565
-4.219244884539474,-8.264564873879129
-0.33727732952423967,9.578231579900354
-0.08339278504267242,10.196565000432104
-4.114774822004927,-6.664200858103169
-0.8227379232108792,10.717900285012439
-4.42738319636993,-7.7222060944697795
-0.5190008277078859,7.2787573055970425
-2.053209164573576,11.63198575620312
-1.2463056843871874,10.725056605147271
-3.8689439096691696,-5.00962773457738
0.08389591112633736,11.004972276656368
-2.1287791431955534,12.272044438137563
-2.588342639739081,9.631259153132621
-4.026176835742274,-8.62896870949377
-2.5819329900713535,10.965629225687403
-0.09861088848293312,11.48948608091819
-4.810485891274832,-7.961548315561766
-2.731210334621629,-4.7856468897831315
-0.22837044608699433,9.86683476067582
-1.104059714874106,11.77832748129813
-2.1305446326038484,7.751751164510718
-2.477888739959126,7.477873524096851
-1.3829478999065723,10.948485181256425
10.16019108974307,-2.2690187212552164
8.975815691132617,-3.3814651085124408
-4.2347422800812415,-5.167937464103027
0.43524451763289834,7.791903700056712
-4.554502080886747,-9.010424674450825
-3.4861321754713632,-4.511739121714661
-0.7496890730718474,3.618684649998841
10.177271059626955,-1.7271264422077075
9.446537072048447,-3.5801050581264744
10.484921693141034,-2.18819992190086
-1.4833908687294308,6.550718530359423
-3.4617460738532224,-7.909518545810399
-2.2141491327047986,12.144893421911055
-1.8615841927470245,5.593205934777337
-3.5143451223903988,-4.764187218552893
9.921745805324292,-2.8131442016826673
-1.1039645178715232,7.286502777133699
-2.461932303806005,10.133891890833507
-3.194212751203612,-9.095294726620027
0.12452705510399313,8.596672649739192
9.74715147662586,-1.7347313266403357
0.532137906656818,10.589849750405888
-2.046690046276945,10.057096239521872
-3.79140271814608,-7.680435300247896
-3.6502772132602366,-8.711525086277794
0.1132025709650998,8.394783548861694
9.378003670746965,-2.0218883504288683
-4.539310081427426,-9.454783235175583
-3.56813924319341,-8.071869749383653
-3.817950959106463,-6.993051633693322
-2.334062469811312,8.585431758444152
0.857881292888083,9.345308830965338
0.03379452209334525,10.660974520987018
-3.055990830722497,-5.898226533426892
-0.46504339407715933,8.25209920266829
0.5229513398588002,9.607397435284303
-0.6215040889900135,7.521112810187822
-1.9612724922224705,3.666044763795517
-1.4925402152267162,8.322891246872363
-0.22709295759568657,11.120235191387442
-0.25847516312613694,7.14258368591019
9.588453903054859,-2.2362787824162416
-0.8968644093793741,3.8021027889224914
10.561564763363736,-2.0516164939155814
-4.198400304291923,-6.312046707923489
0.7401645957276392,9.124877326993364
-1.1788837078089591,10.198773998411095
10.668191579295275,-2.407855930943315
-1.752535157232754,12.23883075040387
0.4628548548743912,10.997626418421145
-2.290294260434266,4.4007589621360514
-3.2526505299532102,10.71467967437347
-1.696799690663895,11.663670706095768
1.5102607929769463,10.355706635798624
-1.0986709908902916,10.960661002912374
-1.524113487548412,3.7275832376045397
-3.2119496798174834,-6.942286336386513
10.134529897645386,-2.1728916530637097
0.7617910765015662,7.883298871622165
8.561495835928055,-2.065226328199558
0.07397025775932446,9.98631170430148
-3.5710614739059725,-6.935509085182639
10.10343584912508,-2.109223193691376
-0.6058386053043683,9.686249039276927
-1.098450808926863,9.918934980363703
-3.9070451460883615,-8.086198634169733
-4.266306692077206,-7.904497935765229
-3.1581823135440485,-7.0750303346282
0.13853704151907895,10.220087081439027
8.780889626442672,-2.6260444624626262
-0.1204257552067324,11.580957523480269
-1.6626524948059787,9.746678147798308
9.351598253459754,-2.026232850130324
-0.6028452323117014,9.53633781834871
-2.0699128678792222,4.8221624596766155
9.417169372911399,-2.265412733733033
-1.8723516146824686,4.0064465793279584
0.5583898145743307,9.143152637271978
-0.014732224959093636,7.700700955812086
-1.1913938457765625,10.135978930072225
-2.219462436276339,10.086550735594246
-1.7393429797792517,-7.309037751316847
-3.5214765042815057,9.822020377490567
-3.449063284261028,-7.671548604001425
0.9070450766351382,8.60778783836055
-0.0566549600924383,9.420701762321205
-3.9668438217063815,-9.023154946400364
-2.220012869316813,5.987686641864889
-3.497146056597683,-9.231097708447807
0.6166418059767778,8.412108687225661
-3.5640521820185014,-8.312099677230147
-1.8710029498094194,9.98176418892148
0.07217516145965565,9.979483661539906
-2.0860532006162527,6.387628986183379
-2.0677774403555604,5.394018219814492
-0.6946821206973973,10.010762089204407
-3.411755873617349,-9.427923468274997
-4.79677480623937,-6.200069793527097
0.3845816615690278,11.616490276158778
1.0734333507536475,9.098051893556715
-1.420568034485062,12.210089793480686
-0.7086348453553145,8.189246747131579
-4.5765951872434805,-9.11541039400125
-0.6278651046092389,4.9284545004378195
0.2104641893458737,8.753479294632013
-4.671616693637687,-8.010284776196194
-3.9693082734611864,-4.9252186237914835
-3.132932688633351,-7.973730555906988
1.5292561876304378,9.791650483136184
1.4726413040119788,9.976888356750916
1.1808361396814389,9.156386201530923
-0.7074708559895174,11.576810488791368
0.11708510043040259,11.137241850862475
-0.5853275902491225,9.209597515256014
-1.428686545029399,10.490098757339572
-1.8883063653625243,11.70824836915611
-4.335658928079248,-6.087022266940875
-4.575483634592252,-7.986196295299591
-0.686185020178072,9.44122228480273
-3.243079267941645,-4.901087578310785
8.921852796517202,-3.4264566396975167
8.517137843240173,-2.708395554560389
-1.511456892754239,-7.561662546708095
-0.7051294506568732,9.432888726969745
1.2564008761041632,9.900044758139943
-3.373008385433641,-4.502048130276632
-0.4600531338597029,8.935585635998699
0.2452041253151461,11.66748553011961
-0.0826946732933702,9.247823801643769
-1.6765291082370237,6.321736606783664
-3.089272599066309,-4.811268199804149
0.6236181676594731,9.91517783369595
-4.32176168219413,-6.914958972135973
-0.27214025622033083,11.74027359384541
-3.6533641167235666,-9.383005328620007
-0.3989961496618346,9.524715828064386
8.730256669519925,-3.38733564884951
-1.6603796340557444,5.003675499431608
-3.8185268938525967,-8.515175613304505
-0.9940399153105066,12.143360555176846
-0.04349760445877157,8.010260829326187
-0.7329842457729203,12.254301589376842
-3.1235876953744275,10.321262491085642
-3.3023376217291327,-7.342758709039785
-1.900959875561408,11.97187610703285
-0.8553624272327818,9.693962931928146
-4.090937139180925,-5.7851617615712225
-4.351251730632395,-7.585829675335301
-1.8569249972299045,5.592795160702088
-4.123743653619687,-7.408805774248146
0.013947615751330092,8.085658902717704
-2.8181717196947282,-6.838845958008719
-0.7819481667538049,11.131421274335244
10.000403066491025,-3.165160007121875
-3.4755059083767796,-4.845046649565049
-1.7550492922990284,5.318192086267215
-1.505900647540899,12.845316878772557
-1.2725509581215924,8.49514390542331
1.3406739626689042,10.58032040981513
10.013618288656248,-3.3918479773777843
-1.4656679707449949,3.587667462400006
9.14797329302977,-2.3200564498725718
-4.689418737378214,-8.722400669397459
-3.4614468424906613,-8.79063663542629
-0.4369519416212832,10.86934177731247
-2.2477491350812038,5.11782241822973
0.26020109384913764,11.644551149382535
-1.977228254697972,8.977650373485343
0.45548216725215196,9.131148943319253
-1.0046734275412865,5.071068986980425
-0.8111127554720302,6.783676619287482
-0.12674484241775,9.773389697049227
-3.4108002664419708,-7.458134053962495
-4.479022856788446,-6.503287889943383
-1.680928574388426,12.545201998271116
0.06575019820057716,7.545351414123738
-3.4119510712296797,10.548637008213504
0.32832341125725173,11.203374414529563
-1.2291765378276098,11.383964994673804
0.6833464852966201,9.560010097182401
-2.416428727983608,9.122851339675952
-2.5455717709034995,10.110385954884391
-2.5664033759837643,-6.035439527833537
-1.9210410322733515,9.331703876972426
-4.452853279334786,-5.761325018200256
-1.075339270670169,9.129713039539771
-3.9256440828169894,-8.668876270181764
-1.192630848133935,10.851401650136001
-1.2943254790415626,10.422216060927019
-1.68796721782769,12.532764789741252
-0.8010003639737698,10.8397067546342
0.08471409186138773,5.26509885253186
-1.1160058077410775,8.657493231593921
-1.2367877882721663,6.100382521925752
-1.5347773230786796,12.389384881371855
-2.40724666379589,7.975036269469688
-2.0923500234812846,6.558007962718158
-1.2856183771490088,7.915205748652361
9.929104844019042,-2.552283812384554
-1.872896856427144,11.244758984587772
-1.480479648738439,5.828428853914027
-0.5308506533332417,9.159149232299256
-1.0438246406535931,6.76019472613505
9.733478694404518,-3.242937733781406
-0.0073646581927750065,10.129045139657649
9.013186218311514,-2.7141600448071888
10.372418496488155,-2.4003230388179952
9.949241801114939,-1.6315731278344696
-0.2250019602933139,12.068711728651252
-0.9957266031893921,10.307184760960897
0.18581101001103828,8.33006967105188
-1.8884347634520111,5.553925991217619
-1.235379044125711,5.95871596688461
8.800624049904185,-2.934565524756541
-1.4811667573868246,9.216409776967712
8.715087235283963,-3.8525190224814145
-1.6858836160258446,6.139295194193325
-0.0006826002697413647,8.195335262229236
-4.632280453311052,-6.612765079141462
-1.458394796756042,9.458992177034762
-2.354250054757167,9.421793750935352
10.857807277390531,-2.6122416150448564
-0.507330498600189,6.864227607896964
-0.5685671673362688,12.629256902659812
-0.8898166128792057,11.763158978457273
-0.9470475146159035,8.747728137361632
-3.750336042105095,-4.943768787120435
-0.9971237442756865,11.017795771883577
-2.1996252716915214,11.037205205108409
-2.3536996550391867,10.0568113192287
10.630792912211414,-2.282174456676125
-1.0526387917357256,10.59073034208825
-1.4287273476131404,4.681636527211778
-0.8773156539783176,11.740234622933244
-0.9814565806952873,4.205797536122404
0.6560350906391299,9.857552905418613
-4.281298524423975,-9.416591016212458
0.6363886151686692,8.073308755915702
0.6763839051802044,9.694357896992198
-2.5753728607217896,-8.25959913224832
-3.396310550376143,-8.55822709431026
-2.247286574615324,8.840349923489255
-1.7720355365574751,8.307324765354375
-4.647123920484394,-7.60363918027709
-1.3936343374950841,9.520447582354418
0.21061127779421956,11.377771097042727
-0.8767918992707054,3.74844070793839
-1.0414651108429402,9.656354166733989
-2.349234389261409,10.249420231336174
0.02972974075775794,9.239346892554368
-0.9824104996883649,6.043624237602657
-3.7225326820124307,-8.031713731656232
-1.9987278117569387,4.037034190935202
-1.2906530119736508,9.107597074528208
-3.972824995490821,-9.514179248419712
-2.0802596130660653,11.544890981610608
-2.453516557537613,9.806329732339684
-4.405361985435764,-6.322474154967531
9.963831483917025,-2.1943103318189983
-0.9034072476490977,11.22840903089161
-0.7570109519455213,10.650013852636746
-4.503072575279482,-6.874486093446084
0.08157256567040655,8.920745556149063
0.6249275746988272,7.72314549748329
10.06394561520443,-1.8945919350735747
-2.213793250453728,5.577129923452843
-3.138512244892761,10.0545034664867
9.455298686521965,-1.8397034797732383
0.24659219218258435,11.784736070746117
9.236729619181027,-3.1055481656340653
-0.9225461055809602,9.767688135566885
-3.342215057890833,-7.937513999010614
-1.0465303128633392,11.824657750428816
-1.71855076792227,3.840838472069158
-1.114798941210058,12.41256320285148
-3.6714453887923515,-10.085558119027734
-0.343373138634528,11.891980007386602
-1.2540026980701457,10.571457317394179
0.3524892945193988,11.92526456329202
0.309879325649333,11.86448853823209
-4.882794305962488,-7.573379200630136
0.025259294403496634,10.269012166098078
-2.057404731256944,10.224989082235279
-2.1410635900839035,-7.389503592667953
10.140999575318435,-1.848576022544437
-2.696210747136789,10.172393648736652
-2.194852059043336,10.890386413491647
-1.2315616210268108,4.244300524399341
-2.0885618086029973,4.321434023233042
-4.059782613849188,-4.5418749173863
-4.116842812405848,-7.418728972679505
-3.616808931471886,-9.718923883715345
-3.782674688652512,-7.293536603436904
9.386504563570396,-1.766131213354499
1.0811121220314803,11.053483351324578
-0.8322572302164668,9.661980457069937
9.6333643418802,-2.6437951029535602
-2.2114861307910307,11.25894928547143
-1.5030887039489647,9.546002624272381
9.739319899032296,-1.9180666747959887
-4.834816849899476,-6.245704486331383
-1.4142495189136213,4.058434513908177
-2.5307455147419233,11.623383836650156
-0.7974956109020256,9.395367480839884
-3.2125835703530203,-4.305443177663202
-3.705769079517765,-8.744543451048012
-3.431445305573742,-4.1329708137942465
-1.5068015367702265,10.23989935794416
-1.272307035076802,5.501760553023117
-0.8093134569579229,8.414086509954393
-0.59894740484517,12.109676512064908
-3.7669663507349753,-8.693580411259768
-1.77598070531604,4.398648334005035
-2.7803839138944197,11.64406100457298
-0.7898987615164528,12.335346509012025
-2.8275483116904567,-7.4794924081698335
-4.206780074421013,-8.315599136268665
0.9150896512536285,8.083184984109062
-0.47107209442965603,11.735351142072647
9.488940460311134,-2.9826971984946073
0.05024349613038637,10.559860206846922
-3.0728896424450585,-5.415536277733625
-2.0808512173886218,10.715196849336747
-1.837377433460949,6.916546210561922
-2.0746090762826026,4.018912642365085
-1.460341260192446,6.649271539573485
-0.410525277195077,6.884418178216814
9.34886272839502,-3.4972990378684177
-0.6746573919834509,10.473081998429397
-2.4113953008538678,12.010914849592902
9.721313491994364,-2.066877738489752
-4.269167362292988,-8.073187879439564
-1.5360752138570242,5.461114648949179
-4.066301359441454,-9.568103827249843
-2.2699809723048046,-8.89007209166251
0.19317031537185847,9.225908145411205
-2.5838645911706086,10.280364643768698
-0.33687252853171396,10.17958720695895
-2.088085283802153,5.574625413938456
0.5108666896133199,10.643715304551037
1.3411855551466376,9.526646404758925
-0.8507616398989338,11.859642344581728
-1.686921658960061,10.24581786251207
-4.886972316174676,-7.276895163442222
-0.2865214684835926,11.352569924458857
-1.6664027978327496,11.398514010232743
-3.1226212999589578,-4.785149361067219
0.5288303063555991,9.264424528915326
-1.1125757696547895,5.995260931656554
-4.273407074005104,-8.963365336182186
-0.1943674445899847,10.693166282343284
-3.7636489128041246,-8.120174480071196
0.2435074265335177,8.359520253591551
-1.422834009781371,11.150318363617195
-2.8313983760877663,-5.192280043243899
-3.696599924127392,-8.860635987572127
-4.289741144645716,-8.755965059147352
-1.8643502748319984,9.682854631038177
1.3938815164848577,10.97740949758091
10.262255638500786,-2.092059049808193
-5.144697856705831,-8.064103734025396
-1.9421039643852736,10.528526878216043
-2.498552438863406,-9.172427725231405
8.983694306122405,-2.7271954241270113
0.3209052272813021,10.342648967434876
-1.7268095999531474,9.44837610484796
-1.6602805937351903,8.817616706834746
-2.0641273017147297,9.502243708267008
10.132618256475551,-2.482273673207496
-0.19815743092150315,9.126091529050319
-4.42192014903507,-6.448569175498118
8.968669227854587,-3.6592012627566795
0.8489240366452488,10.158315234609654
-2.985325754055717,-8.592324680151727
-3.206795254223142,-6.821706295303314
8.781930313479547,-3.289573212286181
-3.003970182040078,-5.393025553293641
-3.872910646112365,-7.505986314162107
-0.29535737748711005,8.303586131307641
10.239471384353784,-2.4573327426068334
-0.1958419292682981,9.378991684867112
-3.9317872836687533,-8.573471169338259
-1.703752881697172,9.312840336908481
10.420616175652599,-3.545893238140529
-2.9045328737869243,10.37239023684488
-0.3385877838736691,11.817975423018266
-1.329076897647886,10.344112231487136
10.365397763950234,-2.8586265189196274
-3.340258450556324,-8.092168817268755
-3.071443466444013,-5.723246701243765
-2.377773728107224,9.161204282081805
-2.941925739844648,-8.973671492074196
0.22374485216250498,7.491512553019984
-3.814161636642419,-7.056850340508349
-3.3887434643826144,-8.779575056187253
-2.5510547907389034,7.339843970066767
9.783345773491446,-3.262424373852178
-3.9136522559805615,-7.257126878826875
-3.8131802425111996,-8.721652299703793
-0.38215749870480287,11.575168029976705
1.0389064236123664,9.050284642839047
9.209090979673144,-2.4926004113315416
-1.6505395517242984,6.321361756107213
-2.810718280799763,-8.343089367444456
-2.376127438545603,8.934944710958133
-0.21081929371146646,10.843938016414418
-0.7001819804730169,10.480328782527714
-4.245095269098146,-9.147215494922479
0.3206271992686814,9.68240845916574
-0.7187375587044904,11.371699083498038
-0.1971477447664321,8.656200025117524
8.977742570425999,-2.6672421084201514
-1.1957557925951583,12.122431455235578
-0.579212803214944,11.957796754709204
-4.445963725678351,-5.424423045568974
-2.0039840590554103,3.691488979314031
-4.601977702346106,-6.557311113157973
0.7777935637274094,9.504697379112047
-1.3474648319912104,9.49965575233998
-2.840520375883376,-9.253737973547114
-0.1834819584416532,12.559859226225923
-2.0753563159828046,7.870620532746852
-1.369578353980083,11.20226737714033
9.615505038633366,-2.2465578773787183
-3.1578474933760696,-9.563771105373283
10.37847558237799,-2.2332906527096315
-2.7678935178005863,-5.552297275305393
0.42573958723172833,9.805196963327544
8.460230964925021,-3.108384439278813
-3.3147374097811797,-8.651659344891877
-4.386544906691655,-6.753323415298604
0.4536903736029725,8.173797884819908
-1.5026561244093228,7.997639206009557
0.5135260165147274,9.210055221676559
-1.898579452699826,6.02998426930843
8.521903050014597,-3.5840618531964017
9.072991232336495,-2.927625356865229
-0.31527113785581184,12.392348927458443
-0.6876273455394176,9.56217821868978
9.103340206402716,-2.05359887904129
-1.6111813180646897,3.629888588077306
-1.5278680509450722,3.8738252174827457
-1.00055607424771,11.774425180996946
-0.8297816582611077,10.423970647295514
1.202008945311213,8.85926120821615
-0.8540793854062867,8.042123825039951
0.6043061248016273,8.907414680501603
-0.7029250072134593,10.847593684295118
-2.3577690455655085,8.682395432694163
-4.037033845226176,-8.350733440043243
-1.4692861397594474,6.4843020808479555
0.03806309449849758,11.405002077943672
-3.704144354849219,-8.663669377798882
-2.014634980935872,4.96565961399593
-0.7780021295845349,10.189919672820462
-1.7051617982488907,9.476866988151524
-2.7250869744337494,9.950694816344752
-2.6024690255630025,9.358371998330865
-4.37315002655562,-9.164634575448314
10.709047637060308,-2.398324296035819
-1.6314288629279916,5.931404409995651
-2.632409406357115,-8.266067357426097
-0.9864247096958079,8.231250999307166
-2.246130674628245,4.741339808203861
-3.421543883495385,-7.320061374471655
-4.106608600585944,-5.52045956477857
-4.636901077103497,-7.4445959558366575
10.556979779883674,-1.8056145525825946
0.5215924985017883,8.421726599263069
-4.907290572891609,-8.439918640580336
-1.8541405286909671,6.665614400661839
-0.4960486950846847,10.532500080598432
-3.3074359678970544,10.488958215068855
-2.651322999770098,7.132209536409713
-1.46138347722312,9.59854805734793
-1.683747037114028,10.134216012313042
0.3396929453455841,8.537512454775634
-1.5465783268168298,9.089382578203569
-0.08295582129554956,11.102529717274974
-1.4952968267306872,8.201287030936209
-3.123397893817751,-8.560326988178856
-2.19383426614363,8.360564503144145
-2.89640955784228,-5.266950988794903
-2.1329209222116035,9.551853819501494
-2.741034817178663,-4.668478113322326
0.6195945331772019,7.984111506121702
-0.7876131759437188,11.341648846700052
-2.0216833307770545,11.50241840884283
0.4190207620132105,9.675586140708901
0.22638795652880614,8.806607349050303
8.896996943450358,-2.969526877224673
10.139789286399106,-1.625861673501083
-2.191766105641615,3.6365781949369937
-1.9737099035046815,-7.883883953859714
-2.2652020475279837,9.548761915428981
-2.1190668633788046,8.472915253840029
8.034545155790674,-3.024318123327598
-0.19705106752215068,7.815495639339078
-3.116073713526249,-8.173160213236175
-4.6603120642733735,-9.210894595940193
8.447516341749482,-3.3740367897123598
1.0232924024299503,9.920020721041475
0.1613510891567563,9.288570138581772
0.7314314702105603,10.004105248823
-1.2123206674348233,9.105084331877178
-2.7599988144322625,-8.755515338606948
-1.2555816418700272,11.154610749477266
-0.33403404260709574,11.127996537026917
0.06870256110882067,7.678833708300605
-4.785981895027263,-8.238020298628184
-0.23140796035448935,8.568373307184107
2.05346863168042,9.782055814421854
-1.8391995311728067,5.890606157916155
9.946825305247348,-2.0917371558118494
0.05950753012688932,8.95783782643646
-2.3708691901806866,5.26396833797199
-1.1738918239437253,11.383885019972226
-4.866380896064706,-8.422123300133164
-1.4600585111666196,9.245526730187397
-2.3714692415017145,8.061055759430063
-2.0073673536586494,11.147099621038844
-4.239314587097311,-5.127371876721982
-0.28997679570208396,8.55686690574668
-3.882114422962465,-8.901732184957263
0.06272495962840004,11.100406376815384
-1.5127924819700245,5.828036589149926
-3.5880010304420864,-6.837339938018745
-1.922427799405576,4.580962802328324
0.3434913206922619,9.852660290137772
-2.200655295012079,5.001074079285703
-3.04657014953187,11.376439124794505
-1.992668878664162,5.820152192341264
-0.3043925094536966,5.6511994799070875
-1.04429352850709,11.96536185201439
-2.5561923840515797,8.570591879556217
-0.5171796444509149,10.101615644276938
-2.26122100671101,9.533530597524662
-1.7752594348731232,9.652343689331216
0.3918709107600115,9.681489470139581
-1.6164752805692875,12.013850107360065
-1.153943442239121,10.613192945591551
-0.043612612232318736,10.089118105023925
-1.1388808077888153,4.172321321230514
-4.08863214346469,-8.292508890848133
-1.4345120440373496,9.203977380089247
-3.0897778171056487,-6.061128863713239
-1.862963842608976,11.219241519736487
-2.118744486901353,8.980752054299483
-1.3356526272793439,6.683978841149806
-0.3800425665371813,10.716834324424685
-2.4281635247487916,7.988893071562645
-1.8174998596565977,8.94522229966237
-3.9315608249477707,-8.098749648859604
1.1609871614469247,8.504659837868598
-0.3030233289251253,5.884571780730164
-1.6280307425407936,4.28645452365353
-4.699033322757439,-9.48662442119073
-1.2707722241436743,4.789583433914567
1.3394614069390185,10.987740016865168
-3.285950765230395,-7.435370104618126
-2.133749576274269,5.331242660989107
-2.369115557621388,8.480933496906085
-1.049495325903402,3.7918152493052726
9.162603833273561,-2.6029363721709595
-2.0524114893502583,9.403990237076133
-4.902997952873812,-7.3066051107975
-0.8721140236543147,4.2727418489276365
-0.3083241321269421,10.103157475269779
-0.15931279912618806,10.966670433745907
-3.4299268654533313,10.821089930633303
-4.165648562467282,-8.968742728693163
-3.048858637768848,9.670416361080715
-4.6901396959785515,-8.934460037334397
-1.7315978951108109,5.674141168175454
-0.6328247545274643,7.864851142055124
-3.6401071476090414,-5.7732929971384355
1.8270344721564955,9.765785751164803
-1.9036422221376266,4.415750734831386
-2.840271924925473,-6.768461682715841
-3.460651933247027,-7.986377837045106
-4.013509528367474,-9.205443655544661
-2.1901203939236313,8.05275083805628
-1.5542805063059681,3.537513693370929
-2.3808598557017002,11.070928154527337
-2.0543538854622123,5.966634173249018
-2.807826855442867,-5.500034786263775
-1.421301587980079,10.130632280043079
0.07100990529076011,9.627280791646122
7.761055255899042,-3.1861746313778627
8.90004802564133,-2.543448880458995
0.7917958065526624,9.403238370806363
-4.643070437435862,-5.450432135038458
-1.1617933314097666,12.041561129467233
-0.49564854704738665,9.954123190450849
-2.3281813138097043,4.657599452651629
9.511976668417295,-3.557251295784844
0.6906337355441181,11.582401357441196
-4.194405481194644,-9.109398053607245
-1.840304905174485,4.107973510931993
-1.495131546041787,4.4506050053699715
-2.0673064757475124,12.134655512172696
-0.3066245449066328,10.766017907431642
-4.41904183340505,-8.92821678926683
-4.259680704504721,-8.28130314660922
0.1338211707276251,10.956052731622082
-1.676903969045967,9.711268789375602
0.18544649978780398,11.20244765932125
-4.209579680515915,-10.007402633128326
-1.1689637030751583,9.561519189178055
-1.1502608111835773,9.795405995627721
8.792306735847307,-1.9616089743970486
-1.5438782351471587,10.417020044698788
-1.979377598360507,9.95137444439681
-4.038636560858936,-6.495172760975002
-3.2465084739137797,-5.893469691451993
-0.6668047815424498,9.791544757764848
-2.330876704493563,9.529496308123138
-4.399785262840034,-8.597746007875696
0.1493475603596942,10.643970730431432
-0.9010360433203259,9.299566763287725
-0.6083772390729684,10.475330083317804
-3.046258809364772,-9.556493824112211
-0.788179707731984,10.788804816591172
-3.5795806669227437,-6.080248873301372
-1.733091318100149,10.136788828336657
-3.992651116142274,-6.116860846445897
-1.1196741206840257,-7.535662166577884
-1.0444850103018075,8.361734385588123
-1.0703214874899167,10.526400587957228
-4.5229435864934855,-5.813317079215111
-0.5236288552323828,12.247617568756022
-4.116645228207602,-8.677142345686155
-0.6056663003916288,11.829484756815237
-1.132884779157411,3.8828625841247892
-0.6493729362344361,9.686928928853355
0.2909200812377174,10.199186893605518
0.7137787289067012,9.389845438377359
0.1437289811235897,12.18427871226764
-4.725043192703468,-9.683958364965159
-1.0193131249409662,8.891760017556493
0.6980547475723189,8.89517136788236
-1.9613526549347176,10.888510593409768
10.03370584188537,-1.7121720944754995
-4.3154445097858485,-5.322059753518213
10.505880700786955,-2.3833703181896815
-0.39468787254810883,11.523393602334462
-1.3382457553662106,9.994996278435964
-1.0280530080652943,8.867736086842967
-1.9900771920672047,5.878210852540573
0.04977177671523777,10.305265236162759
-3.1638547849201277,9.601625393563596
-1.3361073179941676,4.9918017860636095
-0.3329030981493515,10.851165174772708
-3.7306635943285986,-7.863144888367873
-2.2175656884471775,11.956194968002922
-1.6164684552216437,11.632936838205907
-3.8105160909397235,-6.317608973193236
-3.280438826004234,9.483083747897497
-1.7832979055796518,10.592462151741552
0.2869583350666601,9.805704211412317
-4.022200167086877,-7.0183859915074045
-0.48678389308646414,7.29836272769504
-0.9856800809237283,11.243143337303943
-1.7600905232330495,7.738586626059184
-1.279815504167146,5.793577223516477
0.40742483153493503,10.97518860098689
-2.000461249347717,6.785638261155849
1.3201854968863393,10.000744943588762
-3.511145079244021,-9.601058369144074
0.7202471820030256,10.281895128512655
1.0167921477876585,9.851569191538491
-2.8630638939962854,-8.889682281446554
0.5118299235397302,11.127116754015585
-3.8558267479265207,-4.814563358811489
-1.6766281068661075,7.067870760182215
-4.102334499061256,-8.490013164600121
-3.2160674372449405,-9.243701217960973
-1.7695408625246836,11.4043054576641
0.28542283846762784,9.59028727895761
9.934837808093736,-2.4350709682615204
-0.6058958026351391,10.948501997986527
-2.1988232838088235,10.142236998928796
8.606039268236689,-2.7661296701568476
-0.43433230458160255,10.135179789971447
-4.371048573225398,-8.633771344003005
-0.09771815011024067,11.637300468310483
-0.1942379774866343,10.495084616424089
0.05733821463001918,9.013415014122575
0.39344353462883996,10.084703427755926
-3.126855268259614,-4.996542189791675
9.302984920736252,-2.582571734205328
-1.048754760515582,9.278334466172693
-1.8312041788982962,5.523605360813923
-2.309118204371483,-5.40396021031879
-0.8650733215758752,9.099889138008317
-2.06318372907128,9.113008738593507
9.23532562894952,-2.3540821891280963
-0.7921151049627155,10.043281706860425
-1.1602058461310774,8.13687914108567
-2.8177310283518735,10.072481279711006
-0.5116004630685833,8.651164064551647
-1.761441389049514,3.7605074747193425
-0.8840704309317798,10.144801640244292
0.29365775348682044,10.799578723137758
-2.7300584122752483,8.237641098572464
-2.732778963795328,11.194183137146267
-1.5562800175583622,10.82480018923395
0.7286029969153316,8.657157325451067
0.7772778086938463,10.216180329458227
-1.9102767249978903,10.009796087213946
-1.016448473745195,11.483137264389327
-0.9714572899499363,10.025542701050677
-2.2578073233486204,10.81638599382896
-2.49288019399004,-4.577490322367865
0.03934169084719949,8.578638574820525
-1.5735268858469749,9.155925796711573
-3.62755664476173,-4.553953872549398
-3.271653934565327,-7.910527895826301
9.27713062082002,-2.3332705968066656
-0.7455369709473821,-7.4291128841394976
-2.58828388815563,-7.849497696703351
-2.3558620921014204,10.415999980873233
9.912040881366588,-2.7290487462416118
0.15115678707165223,8.685922025188189
-3.6680481927289423,-7.681359530874785
-1.9985913510880502,12.394042546607862
-3.677010639456135,-6.33603356774634
-3.418658355525757,-5.082150571374959
-1.2193262447336948,3.771785906222437
-3.5238174847333052,9.777037423474637
1.9432531308794099,10.053561086915078
-0.39633446698909647,8.473447788420117
-0.4328909050279997,11.866539817959083
-3.6715346037773386,-5.74023083996135
-3.5387627215358006,-8.028813324147873
-0.7966373290891037,10.92344667722867
-2.8074462003436946,-7.6279052307916055
-4.633405856419518,-7.202136654046468
0.4495989589675861,7.962871907709126
-0.26652815869641744,10.415856334687925
-4.780475791221334,-8.69394089267854
-0.3273247725738111,8.566881749285644
-2.6000202889005144,11.78588287493543
-0.837630449771777,-7.462604895202394
-1.5937967636498687,7.761265668963725
-3.2324470951592024,-4.909410380722148
-4.237609486945949,-7.638708891487821
9.809820023608887,-2.9847617452124124
9.005304422170527,-2.3203756808636395
-1.3478835345822437,11.666585191559594
-1.1450608690263937,3.400017516988931
-3.6258949756422187,-7.759648286826715
-0.49453625464409434,10.099112804092238
-1.7262827075095857,9.791462310306063
-1.831444311473497,3.6864138581868175
-1.7190850624423655,11.666879769390277
-0.48206845847212615,9.690706956360275
0.354076291816556,9.620900539319234
-1.3421107663013752,4.590856467339804
8.272886365129969,-3.062158942330248
-0.11382073938793255,11.104054937380079
-0.5659596842573297,11.060793333162433
-0.5026339423247598,8.870633146026016
-1.6455665896751257,9.264769857863822
10.164769864247468,-1.8025372174467529
-0.8383230187901812,9.079366214696838
-3.0951313623144836,-5.023027951209701
-3.017740952261642,-4.569124266253271
10.329848349724356,-3.069261464187231
-0.732193130085181,-7.539859387845803
-4.992033888767225,-7.893439753690413
-3.206734250423696,-8.688341155093791
10.014601698469468,-3.0072705108091515
-2.3246400144802726,9.520903139928818
-0.11340873133889888,11.902691239595539
-4.516829195285088,-8.054007757344015
-3.191487240951027,11.147098315001987
0.4692925858722272,10.433749593504647
-0.7223627354554467,9.298709963444608
-1.7916086183883322,3.8601636520679414
-4.6900315110622985,-7.792035537793954
1.5942903731536022,10.907494351143665
-0.5384019143300658,9.091523100002043
-1.7084626959931515,8.700142697033245
0.6828775020734354,10.95340442587683
0.9780460238421755,11.103797796821032
-1.2596417228856087,9.72700350267142
-4.545010920415126,-7.582604001739978
8.793964687772679,-3.6784296072124736
10.249659560906117,-2.54347223590095
-1.3486232303821848,11.28581386746007
-1.9202773724285556,11.685269920006638
-0.7928331783650576,8.604718795998531
-3.3088634291989214,-8.468596957409094
-4.3152176724527695,-9.310209845379415
-0.43432804779750045,12.095765275557195
-0.686703097000987,9.829372229149286
8.537028086139314,-3.1599974169520686
-2.7536362022454948,-7.831342701025255
-4.248064315155588,-5.807542266430474
-2.6712796796487193,8.251247191983635
0.7108168517639735,8.424172988822768
-1.3179852168772888,7.566955541885023
-4.003258366081627,-9.10087277179815
-0.9770549340302535,3.673822299094052
-4.293973555803053,-8.57163575459053
-2.044022615579345,5.030574683468063
0.20237245248727748,7.95703833360023
0.9793078683266186,8.909618415328787
0.2495787791736693,8.905379026815904
0.128773390274544,9.288572460555491
-1.2913070833769034,11.269218406533794
-1.8937075313875493,11.214436216540044
-4.559607155240442,-9.580342627362398
-1.6330145745980473,4.527589792285577
-3.095594270986296,-8.47388898597299
-1.0605287838027309,4.389612163528948
-3.115650622071141,-8.916324885125594
-1.490236848597656,11.827094180491384
-1.5632851218268222,8.90888117945684
1.9795909672930723,9.854093129625168
-0.9381285991980566,6.854947860522265
10.135302471711586,-3.457092757625136
-1.6396333869871498,11.796712365103561
10.124109705948564,-2.993972265366194
-0.5151766500758448,12.465395876052241
9.156076667415158,-2.2670584698875413
-1.3567536983774149,8.69568059178565
-1.1501604948134605,12.115118998794998
-1.8488119415923652,6.394152299705566
-2.187433203269393,-4.895768818230032
-4.242963293960945,-4.5323808679540045
-4.40813903853041,-8.491177707394778
-0.7471600497863896,10.232779466282013
-2.0307079830115646,11.101729113197123
-3.720313281781476,-8.448448434639284
-1.4652887111313666,5.305796847040299
-1.838154195878177,10.679481683242603
-2.876594917917781,-7.738188213641363
-2.2544009434291397,10.089718315456574
-3.128224151849024,-7.536813571209401
-0.6804181001197012,11.908578868925899
-2.8617153767725116,9.033640126985931
0.49093251094594476,11.332873452715678
-1.8113195349251594,12.162684199664705
-1.7451575811003006,5.4538445031204175
0.40859786448584134,8.41036741773474
-0.2133860577808067,10.932389850642178
-2.1586703523727286,8.063412459278101
-4.082452523774425,-4.908341216845763
0.2272871526438024,12.100777215818292
-0.8333973182587302,3.7873908811417163
-1.5258700203620639,8.514884342699737
-4.9763670556615525,-8.758523205262257
-3.0154719061245534,8.90678788022178
10.724239686679306,-2.3694683615119234
-4.0909980915868545,-7.8106030091377185
0.14966299328964175,10.476120413479919
-0.19848463946409836,8.530956659478639
-0.10591471347477088,8.95300136716459
10.624447941722797,-2.5624611460844045
-4.08850651612274,-4.916799014530943
-2.0393785668812887,10.93088006395771
-4.601035113691426,-7.520094585919936
-3.08283987195849,-9.571358207019262
0.10837583946763675,9.98472740477587
-2.0087982648981093,8.82740938663821
-0.0336053863736001,10.468280814697755
-4.8190153259905095,-8.175534713171002
-1.5190863113630477,11.88701681406051
-1.623611600350307,11.068447654815447
-4.082234577481144,-7.629015792716438
-3.4755589730870042,-5.891927766828801
-3.740027576215523,-7.7094430622435794
0.708349235355466,11.056340205434347
9.511103043267621,-2.896742315837447
9.791896560707007,-2.9662945865908648
9.643655429828843,-2.3957655708533054
10.50197768744626,-2.9497349496189127
-0.8357647506554796,9.971188250513926
-3.6505057467567954,-4.512539154971879
10.518941506330423,-3.0054102843973403
-0.2842001559493839,11.625949198303703
-1.701351409349481,12.081423863885732
-0.8078014915071104,9.17067218175799
-0.5957022574398478,8.992012131877956
-2.4540579564884273,11.298146863783485
-2.243225935579095,8.450399359001583
-3.4383299496244337,-6.655119949231029
-3.6543006041205977,-6.927103651679925
-2.4741302519813706,9.487123813873067
-1.638741770004085,10.090911388877528
-0.3622783832064946,8.88817351690817
-2.2948444424262373,-7.625561887393712
-1.9892169187740927,3.8451220214975153
-2.591117765114634,-9.415258341040904
-0.6922333994787433,4.055208919258997
-3.06394380065782,-8.249832796350919
-2.7598669235133815,10.604575869844002
-3.2161817007364624,-6.696616813535884
-2.4567836599899695,8.890866723154325
0.9197091710937567,8.869516053829402
-3.078207390391146,-8.868088643865468
-0.2809997565201162,9.563977478131674
10.017079999129924,-2.6940824903614087
-4.063808774652212,-5.964865386921238
-0.05887705739822258,5.354520750195076
-1.673538014420717,10.215983837879207
-1.8405898022787204,7.3162621255621305
-1.886433524103237,8.295636863330675
0.8427859719246293,9.710298195758632
-1.4374462106913468,9.95770605654734
-2.263399407502705,11.675814013840482
0.8146401701406708,9.993917805756313
0.782873874307623,11.54920630923605
0.7672754240496081,9.358359330371863
-1.658903763698662,11.169428457903718
-1.077101906912998,11.28569211392831
-1.3645642232699216,4.2765871269180975
-2.841455101939342,8.909556137672714
0.4476894527521983,8.702589100776896
-0.6307086237561715,11.60452762438834
-2.7381346915979714,8.292461566950323
-2.4613027678876582,11.25740872758844
0.5588272010928965,9.542740090650128
-1.6130057008659713,7.64123348518711
-2.2195600870049597,8.151518733903917
-1.10233873166958,11.01343777342446
-4.105677497168361,-7.291626879561078
-1.579197519819286,11.636757270890504
-0.18245739345859976,10.460876174095466
-0.6409517434928779,10.218255034492206
-1.1690145478169367,6.19272046754082
-0.6630384275865363,7.377025327325142
-3.1161986252798526,-7.782983623607328
-2.573001809969185,8.795447707692656
-1.566509871343756,6.761031977260895
-2.028927774841278,4.933045265395101
-1.7362248842161632,5.084834483687825
0.9422746002516739,9.383939979144339
-1.8760534807064335,11.499980807936819
-4.626699328946805,-9.626061936340207
-1.4984837272401212,3.4439586416540675
-3.984909833169406,-6.118333547712684
-1.069030208918584,11.927955312672399
10.37969087002194,-2.006488947473089
-0.9931240151859849,9.814686083218996
0.061979030891700045,12.227100290972116
-3.7495064420366995,-4.223947163840229
0.48991210280457187,11.418541316019999
-2.454795452490381,8.456360566732707
-4.774568035872766,-8.953152326551814
0.6519139915719379,11.48816305735503
-0.3783643067661566,9.347289097805785
-1.3399350643772574,11.643953142163427
-2.6505876527135577,-8.683037862243841
-0.9391270470907865,9.807110092226262
0.6345387699930125,10.77300240199118
-1.5440220200182018,12.348743823109414
-3.9808782526158923,-9.40003234606806
-2.1458242290857727,-4.848503143416563
-0.38233694337541546,12.397327585961424
-1.3109340010255357,5.776917163648449
-1.0344261890096136,10.74907216821182
9.569898129967743,-1.6329391543213803
-1.3695750036403231,11.406604053676972
-0.8142682475894891,4.648120192539476
-0.020584547235209815,10.941757401694593
0.8080987597816541,9.03815893588742
-0.7705824685733805,-7.351415276449135
-3.5287974509865148,-5.243380783128468
-0.3688909659722414,9.444727669159656
-3.7702166055998987,-8.09811300059899
-0.2854476477847372,11.292692051566586
-2.8464780226806647,-9.130282530191506
-0.06643203521251226,9.713973697712412
-2.4024720343082886,12.108823744140638
-1.6380139227745656,10.871068934467766
0.5403312668239204,9.016964520002736
9.742498208623852,-2.4017932638899944
-1.0792489172851558,9.580106743560362
-3.5944759070211494,-8.595257512581115
-1.0483942289678994,7.973405839116512
-1.9539156158961308,10.611604581043656
-1.4741999565003385,6.091463470263901
-1.4688569547283028,12.178749438450254
0.5384700355527846,8.544577121513184
9.01807406386392,-1.9520591305542598
-4.183145437447258,-6.826298285144516
-0.9837822549654929,5.690506002148405
-0.11394337810319621,12.261174453729874
-4.119001594804004,-9.85558086510295
-1.5638895657727445,6.273473583485606
0.3613507213425468,9.998389052869076
-1.4893202799974088,9.708823997767855
-0.47406872549212997,9.912346367243433
-2.6740382563291414,-8.202688679983435
-1.41439731630573,10.210749665526524
-3.9735254019075907,-7.903297862947122
0.0717880059806005,8.047184357101148
-2.4456735653087383,10.094997014833059
-0.30670656762290793,8.22394907054442
-1.5855623109868469,3.7396221861867818
0.6523679921362139,8.299743624214265
-0.6978292377312785,9.906022475828781
-2.750448200710156,-9.801195207483168
-1.787775442132114,10.670465213650688
-0.2422741029295098,10.68114361739319
-1.8160788776492605,7.592615624283495
10.26334613501765,-2.4553555755737597
0.17910295063584342,9.041759352800879
-4.886686907975839,-7.622508496345138
-3.9296442428942737,-7.759294432859781
-1.2580966669464597,-7.333253916259512
-2.07058700697254,9.023132205965064
-4.040161264694888,-9.130867434702987
-2.2638843079123068,6.208360667878964
-2.3063049308541763,7.298697153105577
-1.6150735826439981,11.897318292620891
-1.8683817935081466,3.8861254117071904
-0.4028903229502186,8.22896183669992
8.895892360116045,-2.9035298341280935
-3.795508328743141,-7.016567414256769
-2.5885681791264945,8.79402334186493
-4.145295383851293,-7.776412461230175
-3.7105721974087404,-8.283138079824777
-1.6704720860452478,4.259114066192984
-0.3462943779842132,11.740851214372652
-0.8368495634090155,8.840451332518445
-0.9503588342026604,8.191003902151467
-0.6594497801996685,9.548941521029057
-0.8456939573677301,8.572717459647574
-1.420687692568319,9.764526796662413
-0.8367397110561843,9.21323270003265
9.93720502875583,-2.768406806272946
0.6399543056112426,11.205121720657209
0.37375316441662243,9.267567219989239
1.129898923215401,8.701908191217612
-3.6155290093593835,-6.902432096429164
-1.295306650772752,3.878240559068271
-1.3543801682329326,9.722877227820678
-2.5864346112282703,-7.568109072808411
-2.194930222220175,9.626661513872854
10.323943761500857,-3.419963233111069
-4.529276814117033,-5.393876113567352
-1.0016705752998878,8.261235663787645
-0.923174011022242,4.370383543757218
-3.242545540282619,10.20324278661904
-0.5747426964992198,9.164604325350648
-4.42257516830137,-9.22105717783078
-0.164912104096154,12.069247476897976
-0.1814421185345122,11.49190472601808
-2.2264600876365033,4.3075819869578345
-0.21474496146554498,9.631831270285048
-0.1079180939017092,9.653111537141502
-2.1006278330618735,7.9342403542390905
-3.1056004337740033,8.610765002682477
0.6653347292027771,9.030639292827487
-4.605565810342657,-5.752711992026885
-0.831489308899198,10.567944566871224
0.029138480471956225,8.767512665604636
-2.285141462332426,7.727353805605489
0.054356621707284725,11.74001328779309
-1.4715412355326931,7.156552820998167
-2.0738991193419887,11.781185356114836
0.029686872453892718,8.586566403646605
-0.1361864101455065,5.119700198679357
-0.4677534975235365,10.602330684433813
-0.9662096270115704,7.307443645068647
-1.0342934747488826,11.6516208326683
-2.565172645875301,-8.501077367122015
-3.890398168807522,-4.88571631646566
10.6469321861705,-2.353488686158414
-3.8399400166514317,-8.960239260202602
-1.2899864119469482,5.520411491284821
-2.571540500235235,10.372274618329698
-1.8731437865951903,9.656777577104691
-0.69516039640487,12.319892228925289
-1.1804722471320943,10.984159489803988
-0.9835470759175575,10.615503416347526
-3.5091781507415827,-8.190480774519353
1.0733560791115244,9.606148100014968
10.199635300963514,-3.260036657366216
-0.5701959001836114,9.367911001433466
-4.32381837993913,-9.030606605552906
-1.0445960989325744,10.134155508395404
1.146718749304134,8.76694008060821
-2.9030318499683436,9.916782441756363
-1.366079321792054,7.944390620561973
-1.7393460165076815,10.818752386055431
9.080454820235442,-2.3820751582157076
-4.253127490126927,-8.933630853490289
10.21202759948155,-2.1574375508170376
-2.550426776237367,8.749722597052042
0.6258425227878666,7.969968340942232
-2.452383380169885,12.313779314945116
9.842529018666678,-2.62112546197493
-0.07931905586300839,10.44160214758708
-2.0381643839867722,3.6708726157926814
-2.2305115162981703,5.229956072836387
-0.9104665621819448,8.515277332465574
9.657831811500026,-2.612582565128148
-0.5977978617554233,7.611890299074667
-0.6720887173013009,10.666111610775353
-1.2426206243505658,9.740119829244701
-4.207180322506839,-9.513826228683943
-1.4646135413694479,8.048599489035567
-4.411993271057953,-8.347601800874163
-0.5187727759433283,12.545110564880877
-3.692198183811275,-7.721299786416685
-0.34579383584302836,9.172752552490737
0.25694153074733744,9.57934772422933
-4.024098565836261,-9.961771671981406
-2.620759214036544,-8.233127143703639
10.232409767210125,-2.749479063444373
-3.925665926151373,-9.726088547906436
-1.0319816090242702,11.797501849511633
-0.06310719744310815,5.162611875329432
0.6719716116739564,11.316876433240564
-0.38912036664499483,5.812098795925172
-0.3844455231156454,9.424803373870862
-3.800914583201681,-10.09230540523781
-2.0268917555994235,5.156953574178915
-1.1415952237655667,7.9038679479928735
-3.0577234366007775,-6.923484325891946
10.376089885130067,-2.563474011197455
9.455920956365167,-2.095115073324392
8.634537486905892,-2.6511233697009553
0.07423526350122303,10.31904577380531
-4.658988381918521,-8.195763772148934
-3.3264261554286603,-9.119264097929781
0.24794351710554005,11.98474925114135
-3.523876065487272,-4.923038698339928
-1.0811202153633273,10.6005710366744
-1.843324545092948,5.329221732172067
-1.7262250399817796,10.677390836251323
-0.9944026816058744,6.423512494757771
-2.5418034696146288,7.5603576030041175
-3.483640529056473,-7.959063008296804
0.9598247265364179,10.717942355302895
-4.510078291249045,-9.12332409919228
8.960357884314814,-2.5367690640002443
9.730299280431867,-2.246044508589357
-4.158852879249989,-9.226270574150348
0.8060554597712027,11.084284009504756
-3.1425085979349587,-4.738259040912474
-1.6416218541391925,10.304175617593742
-4.3867902484152825,-9.302111787030173
-0.5479233973008045,11.84662573901761
-0.5114261084411637,3.7652032414113714
0.7087931032558393,12.033908637874784
-4.279274944168181,-9.30716835291485
-1.7451499873482512,5.667944769801918
-1.237909445698887,6.2757475209946305
-2.314995806392562,8.95821359824373
0.2713736154798275,7.847193773544481
-0.3709758632995117,11.611337150121974
-0.560462660349735,6.876250707005985
-1.3039549986515386,10.273688071700008
-4.35262956419558,-8.36722671747218
-1.6166706008098313,7.462875206428992
-2.232373696100051,9.101998036488014
-0.3258968289534062,11.270533861418775
0.28230806039252443,9.708118493807103
-0.5834717918100283,11.133006833778538
8.638158695212576,-2.2120849296289706
-1.969057178402824,4.9491244631286735
-1.4189867065248407,7.407419439042434
-0.8652491296782944,12.144737790517237
-1.0836674711902874,11.283865538648817
-2.3242374752843222,10.477791171609569
-3.564873929259936,-5.522919459739182
-0.42845773624094563,11.982183984308888
-2.976137641555552,-6.337731563200454
-4.7564816027967325,-7.463946663484256
-1.2865367962175633,4.551821949059871
9.968214678182834,-3.576724263235944
-3.831400299567237,-5.639960576925529
-3.42379958118631,-7.700111979783374
-0.007945296399039117,11.817522615143323
-1.0708136858872934,7.747511476732396
-3.6318943173580354,9.90876028973886
-1.5037919358524456,7.466036246440333
0.12386058992832592,7.708723795103683
-3.5717154267042317,-9.83459737085199
-1.7124039030204539,4.842274458352278
0.4801602984850884,11.138731864316341
0.4716559425354754,12.229492652860493
-3.669741709747495,-4.097509062427116
-1.658994706134127,10.171237379794594
-1.8012873408450416,10.834529188480506
1.2429999164258578,10.511499590141545
-1.529504043995987,9.00489079988046
10.307214334391569,-1.9244249317095183
-3.1345206894996847,8.641945696778903
9.422530507554418,-3.1137376451165704
-1.7812242280319883,6.046912570343799
-1.6270466008966293,4.747780045582481
-1.4018983574243318,11.106610766888572
9.55477557022137,-3.428911353806301
-1.6163130850449978,9.358295505011593
-0.9483574865095289,-7.545280217392372
-2.3500402190329734,-8.843967759337524
-4.613435242734328,-6.041578009477309
10.235040091676394,-1.8870635391768165
0.841737733863898,10.682445518506794
-1.7247226744701085,12.02836782867287
-1.3828340128318646,4.521359238422469
-1.4025039442884006,12.798354281211289
-1.555142410551453,5.211811170268205
-1.7107060597816235,4.071983914426259
-2.7083186608003262,-8.98923356241455
-2.801096827135186,9.331358534033003
-1.8401979708214178,6.347139693288385
-3.49999675750324,-5.2268216298326555
-3.1809200105316053,-8.784800188478643
-0.12955032038407338,12.187386297912822
-3.9357676476328014,-7.837545935873849
-0.7723501034865097,7.714362089159101
-2.416040377874419,9.002636356093435
9.186940855384623,-2.370239910577365
-1.1554229645884968,8.39571207542099
-0.4116102634673964,9.73583195492229
10.610942623825368,-3.104857379906019
-3.7744741847053205,-7.606022107270265
-4.653956482083256,-8.753631894656376
8.074666486262617,-2.3612355010095705
0.36315658825478225,12.104020402703497
-3.7891376608765257,-9.506433617520424
-1.7870185770745572,11.39154945801678
-0.1996688183507321,8.248057245069178
-2.152076935060428,11.087012853530183
0.6905264492054684,11.507871913173211
-4.140523581719798,-9.016874194622801
9.792843735576927,-2.4590535752241975
-2.8450551915559203,-9.495967429678942
-0.5657384434838902,3.987786197899888
-3.2737594255269213,-9.265039600601966
8.723494520083776,-2.855224225248293
-1.3902034817349374,4.399748595469824
-4.031534485916955,-8.203419651333567
-0.8015539395403151,9.746256272774001
-0.2310652448156684,9.008158823073044
-3.717377034661261,-9.009152793808022
-3.1295441936532744,-6.529240083685854
1.7225825851023504,10.715939255895675
-3.3167287371224967,-5.8314446118742165
-1.2647782312695712,8.20286905506848
-0.44169792003628044,11.898784996314156
-3.1642019388217477,-8.499386701774775
-0.676836002498276,7.477034035454167
0.6095857854910119,10.04984745868441
9.576829897136367,-2.339986981812723
-3.0343521917571397,9.21434875650181
-0.898018997026325,12.423492953245018
0.9619347686445712,10.66508320260514
-3.0080770888451958,10.04917560144224
-1.5606176115809502,4.217002243223443
-4.929502490343792,-7.654952348460784
-2.035984297142583,8.792841164780251
-0.5933707959761699,10.070875101004157
-4.130197298178643,-9.27288993976554
-0.4449817314087066,8.190757891948818
-2.3362716067355302,7.829284470083898
-1.096647120835633,11.622932433834547
0.2731448549135844,9.161040366519817
-1.2766565160350465,8.102755691249913
-0.7748919810239245,10.988804709135009
-3.6126802974664156,-4.292530639199143
9.769125873662688,-2.7891883879399684
-4.012471100181213,-4.691000345776065
0.8763838388059098,10.796125546655448
-3.753107056814115,-6.869147735330417
1.1898250442269043,10.6859851301122
-1.7119039313406987,11.62785043334462
-0.7505693697217521,10.692260763041428
-3.4741354436549443,-6.504559495706043
0.21412457670229992,9.375347805868081
-0.6052686204989361,9.840753095576078
0.27244548161605514,10.234987519125545
-2.8049954266276833,-6.776617762275004
-0.10631420188186463,8.220801703456337
-0.334360980273332,5.946912242731285
2.1486566262727735,9.812617233405328
-3.338498699594251,-4.196873081654296
8.41626936121602,-3.4873709050871047
-1.3841261891133108,4.119378892869834
-3.4441376211119756,10.617142177800662
-1.8493947761670495,10.325267798274469
9.360173092810982,-2.4098887582385156
-0.4753930707321413,8.78788639224566
-4.285771575415311,-9.409671383602369
-3.4726818150866796,-8.862075814582399
-1.6317236791767873,10.762367372458895
1.138901524340014,9.869825107335974
-4.591460949568882,-8.217676083447651
-1.6577066783590026,5.342867676813973
-0.5021679113320672,11.260836652488381
-2.145876892442769,11.595250254368027
-3.208741173999453,-9.910414043804584
9.365659226084148,-2.087971320008229
0.3653459995599344,10.196945816942064
-1.2884768431209235,4.673568578515069
-0.29943697326854846,9.214069294001662
10.227701237321885,-1.6306660791463878
-2.102261383951167,9.797908474096468
0.5862944412512263,11.360530583962259
-0.627177917645389,3.9583958983969563
7.602098324770647,-3.0604421276264113
-0.9133219294822237,7.201296064785861
10.16340310098959,-2.414400031066844
-0.783002868412286,9.069885726433036
-0.9685853043958538,11.389592443034465
-4.317220383582833,-8.415701691491847
-2.301013756083474,5.404305811129863
-2.4889376001609356,10.712284777269552
-0.3999052578141437,10.780621861524194
-1.0173192075861837,8.869669684004323
10.334505911544221,-2.0324703182697403
10.62495502273135,-2.5832318615909045
-1.922486024567982,4.223886493976528
-3.862931397402041,-4.962996506997494
-0.47221914117235764,12.437116072750094
0.13199564892412627,11.657279972666203
-0.4485744336348833,9.110614850725502
-2.6080665634232467,7.418416780635444
-1.3240269642619378,6.041565603110725
0.08797644652523648,11.843326576763658
-2.0539771416471884,8.599860770628942
-1.728767211830637,9.147749909550022
-2.064279075592993,6.239251271597478
-4.558174366488492,-7.394677472585411
9.994288880037534,-2.1425879997673563
-0.19355691119353108,11.668057619564289
-1.617618366679688,9.109922281144142
9.106842340760966,-3.4322829606073277
-0.3152462923439458,9.456638722348094
7.791802867900311,-3.136350574991951
-1.2295845557018288,6.159970390106728
-4.803991646483978,-8.212845540102576
-1.405483067376637,5.300978762910108
-1.1146537324210763,12.806992557742635
-1.8900706556489284,9.649406396680678
10.644372747904054,-1.9056624521625614
0.6394549888156732,8.069198702789336
-1.293792772878323,9.931257519687998
-4.196047523063721,-5.35798153979403
-3.229422253858155,-9.146478666633591
-1.2201322465150073,12.26122548969368
-1.7975245063334586,11.233341268249328
0.4503573870246983,8.409455693544919
-3.7850723502416748,-9.77965788249825
9.91120210235225,-2.6319655117571745
-2.2255004057619425,9.462312739585654
-1.9571897504107614,6.916148149976291
-1.2217780374268234,3.421141746748061
-0.6760349338570439,4.100089662150385
0.10248678180609601,10.627625706716369
-4.03457600419318,-4.2883608402187825
-3.869360259188289,-4.500145566898275
-3.792583071087364,-4.294581019744327
-1.4269420777515482,7.23821967088898
0.43482945823845115,11.665399864718845
-0.1970182858968283,8.286148566883615
9.70377635716061,-3.1293655168313497
-1.3079368582887156,10.206846466982913
-0.4806806883413982,10.792333261370588
-3.9578007217978786,-5.193576859991171
-2.7456060472631836,8.372763367209476
-0.462800125258351,6.202836701668072
-3.8773678664680333,-5.7981642652326775
-1.6548611764977144,8.077876317590343
-4.644495494072127,-8.29504907583727
-1.4819043013710629,6.225032207877247
-1.7343929367104902,7.961006136599234
-2.4354639299723324,11.032035760706169
-1.2422703112922344,5.113392168348908
-3.5759541254534186,-4.65965792846038
1.0090973872831297,8.060845616485011
-1.578381701605144,3.797292931926687
8.336129993069791,-2.7804221409816177
-1.303740496246653,10.868867640281065
8.88490791949434,-3.2096201099010715
-2.5431162556810927,-7.299466602139056
10.649102619641408,-2.843258072870086
-3.38107621529122,-9.042320588073158
-1.2871872673845381,11.092634239236826
-1.1828415536655807,11.038793245707188
-4.380206881178543,-7.889647080124399
-2.294009280036989,5.365981680177281
-0.5022716381038655,11.14741196154857
-0.7509545375098828,4.042758009912272
0.9236285591778747,8.800074254016751
-3.3256181886518297,-7.877337728753263
-1.2510512479565088,7.653682010213261
-4.183776018764273,-6.026648030767648
0.34026517621689784,8.82930279271883
-0.5902171599842556,9.761767649952187
-2.8320979854439927,-8.49298762870725
-3.36032219712253,-4.353641105682297
-2.7378646381066303,7.836450793865193
-4.279060891960125,-5.159221066802862
9.401903732658418,-2.513417179113068
-1.2360361758051517,7.378683457508086
0.0019447031000903968,9.529509703715386
-1.2174383454636888,3.881197566680201
-0.5415867054325084,11.584568627593288
-0.6247874617958857,10.911232872693208
-1.2254077221001491,7.834438441026577
-2.7521162734217612,8.605256887577942
-0.06257642483732434,12.190888573077682
-4.456342339936619,-5.495750250284885
-0.14740791260352126,6.819152553076395
-3.3804813530380575,-8.850251071877983
0.5591949518467982,8.676649143977903
-1.0785678820957671,11.342209891853015
-3.413408178029724,-6.603733272698845
-0.1123056409943077,10.288727311515647
0.3797632592052734,9.638826904911308
-3.530610227637246,-5.467687534842808
-2.040897836673496,10.357678482607067
-0.4143495392904919,8.375545626483959
-3.717845347086053,-8.806087228528252
9.35760378465662,-2.4464391637883347
0.05519847784991797,11.989800748747873
9.488623379565023,-2.937975023577771
-2.559627413004068,8.554815036312892
-2.2003530455900013,11.62300367396611
-2.0028404571153895,4.951391815918245
0.13521887747784522,9.137793017606855
-4.243714109864893,-8.413407017718775
-1.248508516338293,4.020910710750682
-3.41609788175445,-5.095315775593006
1.2712257415762354,9.725366776383328
10.050807010859605,-3.6223630421024096
-1.5903812478938946,10.11052711271786
-1.0491840545817082,8.452273810363465
-1.8512777155472138,8.20376996464882
-2.078532539074021,9.629462302291216
-0.8017637958140473,4.290060787466686
-2.184030614992937,5.303187578759577
-0.2631116986941196,8.361032375873352
-0.7972554892497116,6.601596501652866
-4.3327577233865595,-6.3519153850626315
-4.2662792007733,-9.18306404912233
-0.47162612807046045,10.198989487623217
-2.2483033750738124,9.204606566767174
0.9608502364434967,7.782790050698116
-2.613241565111247,7.820649548142712
-2.2584814262247828,10.426922825932081
-1.2931221213036053,7.686144225788751
-0.025487551608198836,8.68618501963923
-4.352227422408811,-8.758390173320416
-0.5121638436747755,11.435983502428984
-2.2465540314328614,4.050670714489134
-4.12789564621014,-9.244168930143823
8.72965453631774,-2.883346960824605
-1.7925701254590019,7.607971830803934
-0.1007518749951279,11.74130007193691
10.572562934175577,-2.750659524801518
-0.9681958378559223,10.364925346599335
10.096434997412992,-1.6333016162781995
-3.1251808487546695,10.08453601441142
-0.5406065446887208,11.043914288079034
8.932953792078983,-2.188411307080691
-2.172076762140471,9.362995977504474
-0.5589184294143856,9.930204881828017
-1.442314907421327,-7.55045805524811
-1.3909663783919999,8.416078163888065
-0.3696887559240157,10.837826632664605
-1.256791638754838,6.4517545394511036
-4.406852093745151,-5.323046101559753
-3.603293004440944,-9.475220639932152
-4.4037421247609165,-7.903305626020723
-4.120979211424956,-8.753371378388236
-3.9983312700133515,-6.802254121682165
10.039059162558695,-2.745196233027245
-1.0230252810738476,8.717457943813676
0.5933727040507816,10.806218092317822
-0.5161543932523945,12.186811794317546
-4.589343461347637,-9.522265104116567
-3.4338087109378543,-7.652516783833835
-1.1406147430046203,6.391330977151672
-3.0416078175269843,-8.814603889847694
0.15728546146244637,11.206896923868312
-4.627415707776131,-5.4373483076124645
-4.2206923053783,-6.001125584440174
-1.5821652818944985,8.253398617862803
-0.4611160987755074,11.069291966248837
9.329974879861448,-3.115637344265696
-1.603472217331278,11.499682392295389
-1.6012797737947988,12.007604982947196
-1.550451804432248,8.293607590817981
10.170016047254828,-1.6469289390233823
-0.09932544014977365,8.95726006408377
-0.9447687296854663,12.479712054182608
-1.4686886068075944,8.80567451377471
0.3899813753507673,11.119763287283423
-3.643368690576097,-8.27123360200817
-3.4889807737809604,9.474884203907084
0.5362673197639224,8.059270147235031
0.7448345367585915,8.007721626634796
0.697690020031393,10.889363929383242
9.776536829208485,-3.4344317494857797
-2.9074764506842077,9.22223765893636
-1.0123422406107185,8.785730636789367
-3.3468965363964767,-9.268910320336119
-1.427898440207767,11.670162912523873
0.5288812678494625,8.835597957300203
-3.3642253149482513,9.80003443724123
-2.5290902327964075,8.25466512396729
-3.437312866146213,-5.3421821399086555
-3.517717553226976,-9.715830713299326
-2.5762103055103007,-9.274798899667779
-0.8341730278721456,10.301723854381459
-2.987220344679892,-4.447734493494252
10.329025718928538,-2.3860755811291163
-1.8679092953028404,11.465478534655285
-1.0415465232765577,9.93720699266554
-0.5527825595646894,4.578871542064928
0.25152859007147554,11.678386101595233
0.9417275693210261,9.655578481581406
0.09513758798411318,11.438070332674606
-1.5767153492471595,10.114395624988488
-1.0198106383494236,12.42151323482571
-1.1432683214467143,11.274996302878186
9.349738408583674,-2.4541447110341617
-3.482612030201493,-4.566924936180887
-4.453343752104329,-6.034981559340548
0.6930958220375635,8.286435593399524
0.7112878251498783,11.373699700921094
9.262956402789586,-3.368915758218044
-0.14244662978243505,11.62775265224324
-1.9862264199071995,10.805828044972785
-0.8680678730381596,9.42356780950354
-4.10583065198266,-7.402123562661548
-0.7665895541082133,4.699893438810505
-4.479502604164506,-6.238708457886371
-1.0527731404622802,9.066259943236783
-2.3722998661351062,9.97030882654153
-1.3956476081846276,4.083369602396964
-0.10927704811082828,9.395258963739769
-0.7994621156163058,10.622880517836073
-3.707916351173009,-5.45192234505148
9.750655242322527,-2.153832944928196
9.975631187818358,-2.497242429711725
9.759539397777255,-1.813932399440718
0.39058974846401256,8.931460141815007
-1.2951073706418625,10.927282641089962
8.790460385429974,-2.564590631045572
10.066946796701956,-3.394868154070009
9.50728776226715,-2.329816895968001
-4.985578711469093,-7.388568735303545
-4.392247046011865,-8.477715482239786
9.571290222227963,-2.2089890921129576
-3.01207567709125,-4.998492845380867
-1.4967338964453265,7.60390011473977
-1.9474433422210826,11.138271411717708
-2.6402620686831537,-7.7622976249775375
-2.186109766756538,7.416143091025298
-1.7414644006898763,3.8183445399782565
-1.2414487956609384,10.551903721266726
8.863984010346362,-3.270453738442169
-1.5609011944448614,8.80525773719034
-3.4238146103960823,-4.662682564600371
-1.3051007767554372,4.020383028342839
-0.8733314203094068,8.544057295455827
0.1168468635466159,12.123245657119975
-0.6785672519313444,8.022102291053997
-4.138519660705935,-6.689773323866425
-0.5243551080970259,8.248847768783582
-3.396560379720143,-8.851567213721614
0.06875011282345553,11.09454245158072
-1.5723481970271873,6.973954828506967
-4.092158700720208,-8.069177792039756
-1.0342813508242301,9.781355862292472
10.097703700772149,-1.7178671064548663
-2.326606194618247,8.177529992684034
8.712057541903341,-2.4095220972757243
-4.665013388811478,-7.539062702837985
-2.4783264715846816,9.298558648054874
-1.9107346251488773,9.090077086587751
-4.754375427669531,-8.60902455939571
-1.153282092375421,8.704018046278232
-1.1841695800604208,4.680770207232508
-0.6519641382688427,8.885687176027652
0.12166229682036833,10.141756937403319
-1.2104223381690662,12.103075120333877
-0.008787548056342659,10.254851102021561
-4.78656954026334,-7.9834971159796195
-1.5187487582769568,11.1298917802993
0.3411673921964238,10.161146537398908
-4.131126046218741,-6.987518175549144
-1.5527626500351956,4.014774151579761
-0.8859993961547334,3.7827685859685363
-3.7505164808896834,-4.6265262853024955
-2.8636178070859057,10.511481137242946
-1.552803503553472,10.647462328783417
-2.059754780547996,11.790179640685048
-2.2947090208702696,8.32942337948359
0.49905824402561305,8.420197559400233
10.448457497285428,-3.1289356322702635
-0.28112669888328806,10.595615696542376
-1.3914027822613626,11.827502887475328
-2.3633777830792586,-4.766241560440249
-0.6072339128246601,11.579613839264146
-2.2285111064514913,6.728999793242724
-4.262624088980538,-6.502978156789206
-1.2974423183955286,9.233321079209963
-3.9592641272433338,-6.082521932111792
8.81896077204953,-2.0673913301619713
10.131437297516182,-1.8368753413980579
-4.070403276183001,-9.373722818371704
-4.558132658605163,-6.472847756042344
-4.4850892347839295,-6.34607750053758
-2.3219176325975335,7.09417628125817
-2.1040038582931166,6.153717021441609
-0.580548201010528,9.205016139786654
-1.7673361902987295,8.56598661653128
0.18339253149510792,9.035932790871913
-1.2960479509726899,11.965370460530444
-4.426726868035124,-8.663345982462856
-3.0216501408246406,10.958991146953716
10.04813192904335,-2.9121222415905113
-1.803152077541986,9.178410767303738
-4.602945065251759,-8.977631500193406
-2.5499049635056377,-8.835854127183433
-0.6915970929121555,-7.4107846756243765
-0.9518710077880719,11.377696236872437
-2.0399816843715937,3.811642580037516
-0.4552802052682471,10.66713970602471
-2.48984565982645,11.477059234832542
-3.928396819870327,-8.25671410325862
-0.10650875615553787,11.337767925653287
-3.8700657424729554,-6.713719313076915
-2.4437122525454904,9.790964910420945
-1.7672511137276605,7.947963826609013
9.462886259058855,-3.523384165719546
-3.9104700448380214,-6.508136043359118
-1.8307541572278176,9.525345419721422
8.639878811258434,-2.689424900655222
-1.1313053366148724,4.131344157378563
-0.1356800104077529,8.886940267104734
9.800306453737722,-2.787829703559522
-2.6855293472305797,-6.786711209428291
10.024542308906053,-2.4409740955822175
-0.7970336964146785,-7.378085761367377
-2.940320724240491,-8.011088946935875
8.831415957560605,-2.4573797426710193
10.102998539830338,-3.044686630093857
-2.2841550360468794,10.022624894600257
-1.4497214098597555,7.132500102432251
-0.7652297751901586,10.502877633304509
-3.8459468933237475,-9.521650596728072
-4.513667343461717,-6.131045786481647
-4.07760171343228,-7.698226682475034
-1.2443702479925816,9.391056351337372
-1.0997282970723277,8.191073969784727
0.7381699386825398,10.300447484444751
-2.324666753535278,11.451505214857052
-4.078512406253879,-8.310972189815242
-0.4565466487560057,9.382857970409601
0.19297590579250382,10.764471648409627
-3.3206691140133584,11.220297661143707
-3.988887820600887,-9.911962066570412
-0.5362711724317104,9.052170037046718
-2.2112355029719377,-7.4942422861876326
9.530310808467698,-2.0525344041547364
-4.433916826805671,-9.056988769899222
-1.735028663087109,9.055931084075427
-3.5732604392386302,-7.802361121830478
-1.4136812272547201,11.499567706198405
8.349217070450171,-2.765335379889564
-1.9141971944737448,5.910196144863491
-3.406258608896878,-9.002633104983943
-1.8612708589747844,3.737363519782182
-4.701736712400869,-7.89585070880988
-4.027729766176771,-6.009104412854337
-1.3446147154447368,8.998149810738308
0.9815959328720448,8.093131966609214
-3.750263312068987,-5.170014194425314
0.5894596128192231,9.868111833920393
1.063681667030294,9.285414551805221
-1.8528785684862008,5.4970855052970204
-1.899632692457185,5.149355035432906
-1.6164456025418654,10.52291572572659
-3.2179512662131855,-8.510577791991915
-0.3063491896585881,9.672322163511547
-0.7805014288206563,9.446092204972647
-0.04688002026521964,9.898667730377149
-3.8916296911908694,-8.148003735008922
-1.1042579555833179,4.872043153604285
-4.221346214955167,-6.914088110991201
-0.612068140303576,9.798442382643834
9.380984814452185,-2.466143117002728
1.1595294109447594,9.782124942736969
-1.2201971520971093,3.487527578385509
-4.328582239200453,-5.718399000917465
9.727819821406454,-3.3871302864826625
-3.759021858373813,-6.292933759207742
0.128615076137626,11.351015221323404
9.601076224304775,-3.388070915544528
0.5484994142834941,10.106186203339139
10.64723024395269,-3.2627119220700678
-2.9469256152720815,-9.335533046492234
-0.6080590742485457,-7.307052717497154
-0.4737597932521274,10.486238445662076
-1.0768402287135894,7.086862538696287
-2.606815648407951,-9.589293552202703
-1.4884868480217772,10.645017852538338
-1.3576833980999046,7.268158280788145
-3.952973945300962,-6.660335732943666
-1.4673364121958252,11.969365536641227
-3.58167221263178,-8.56407333499792
-3.8419223529021074,-4.3299489975911465
-2.423457282231266,8.106851615367749
-3.5396927910107707,-9.274231733340644
9.131880071913175,-2.349102413008644
-0.7904602715804159,12.482482460505803
-3.440770841628285,-6.554934277170891
-1.606649505253074,11.542684656636055
10.376114934686615,-2.31888266355728
9.038028983597364,-3.5183568182171805
1.2963865764946498,8.68476594771773
-0.7992214571688151,8.780858266805827
9.351309744046398,-2.175976967188418
-1.4651068594446233,3.8994630628152493
8.65569975581841,-2.456800851966537
-1.0475905531675063,11.715671560476263
-4.447444052433873,-7.987632890298522
-0.6459585397731556,-7.324438791758647
-4.43723660959455,-9.746296402216503
-4.297445410116435,-6.440830589106957
0.294680712036785,9.535316168217193
-2.1380977438470357,7.692129751051868
9.350155843670363,-3.0482917406839953
9.440411304103126,-3.5496550735305514
0.9520103977370905,8.249504150161826
7.855606349079485,-2.7935238017117974
-3.131209494391727,-7.938467133933353
7.72790506002858,-3.0611147847777644
9.769413291412365,-2.818262207554413
1.2293252880121297,9.4941230978427
